action,action_slug,role,rank,object_category,wnid,difficulty,difficulty_rank,source_image_path,dataset_image_path,dominant_cluster_ratio,fit_distance,mirror_margin,was_reflected,p1_x,p1_y,p2_x,p2_y,p3_x,p3_y,p4_x,p4_y,p5_x,p5_y
Pull out a nail,Pull_out_a_nail,reference,1,hammer,n03481172,easy,0,images/n03481172/0033.JPEG,Pull_out_a_nail/references/01__hammer__0033.JPEG,0.375,0.007481,0.668378,1,0.171875,0.7229166666666667,0.10468750000000004,0.63125,0.46406250000000004,0.4791666666666667,0.6875,0.46458333333333335,0.9453125,0.4708333333333333
Pull out a nail,Pull_out_a_nail,reference,2,tablefork,n04380255,easy,0,images/n04380255/0066.png,Pull_out_a_nail/references/02__tablefork__0066.png,0.4752,0.005957,0.023443,0,0.146875,0.25833333333333336,0.2171875,0.35833333333333334,0.4703125,0.5,0.6609375,0.6229166666666667,0.884375,0.7625
