action,action_slug,role,rank,object_category,wnid,difficulty,difficulty_rank,source_image_path,dataset_image_path,dominant_cluster_ratio,fit_distance,mirror_margin,was_reflected,p1_x,p1_y,p2_x,p2_y,p3_x,p3_y,p4_x,p4_y,p5_x,p5_y
Pour,Pour,reference,1,bottle,n02876657,easy,0,images/n02876657/0053.JPEG,Pour/references/01__bottle__0053.JPEG,0.0583,0.032631,0.003396,1,0.19999999999999996,0.11041666666666666,0.4078125,0.4041666666666667,0.659375,0.6979166666666666,0.55,0.5375,0.7796875,0.8479166666666667
Pour,Pour,reference,2,cup,n07930864,easy,0,images/n07930864/0063.JPEG,Pour/references/02__cup__0063.JPEG,0.7982,0.014476,3.081758,0,0.303125,0.44375,0.35625,0.49166666666666664,0.45,0.7270833333333333,0.6921875,0.5666666666666667,0.7453125,0.6875
