action,action_slug,role,rank,object_category,wnid,difficulty,difficulty_rank,source_image_path,dataset_image_path,dominant_cluster_ratio,fit_distance,mirror_margin,was_reflected,p1_x,p1_y,p2_x,p2_y,p3_x,p3_y,p4_x,p4_y,p5_x,p5_y
Poke,Poke,reference,1,screwdriver,n04154565,easy,0,images/n04154565/0036.JPEG,Poke/references/01__screwdriver__0036.JPEG,0.4615,0.005019,0.002506,0,0.2421875,0.6291666666666667,0.4296875,0.4395833333333333,0.4859375,0.3875,0.5765625,0.3104166666666667,0.653125,0.21875
Poke,Poke,reference,2,scraper,n04150980,easy,0,images/n04150980/0057.png,Poke/references/02__scraper__0057.png,0.4557,0.02448,0.00496,0,0.1828125,0.7458333333333333,0.3390625,0.5770833333333333,0.46875,0.4666666666666667,0.59375,0.36875,0.7640625,0.18333333333333332
