action,action_slug,role,rank,object_category,wnid,difficulty,difficulty_rank,source_image_path,dataset_image_path,dominant_cluster_ratio,fit_distance,mirror_margin,was_reflected,p1_x,p1_y,p2_x,p2_y,p3_x,p3_y,p4_x,p4_y,p5_x,p5_y
Mix,Mix,reference,1,spoon,n04284002,easy,0,images/n04284002/0004.jpg,Mix/references/01__spoon__0004.jpg,0.4343,0.010938,0.001978,1,0.1171875,0.49375,0.3265625,0.49166666666666664,0.4375,0.5083333333333333,0.6640625,0.5020833333333333,0.909375,0.5041666666666667
Mix,Mix,reference,2,tablefork,n04380255,easy,0,images/n04380255/0022.jpg,Mix/references/02__tablefork__0022.jpg,0.5149,0.005321,0.038673,0,0.0859375,0.13333333333333333,0.2859375,0.375,0.4125,0.4479166666666667,0.621875,0.6125,0.890625,0.8291666666666667
