action,action_slug,role,rank,object_category,wnid,difficulty,difficulty_rank,source_image_path,dataset_image_path,dominant_cluster_ratio,fit_distance,mirror_margin,was_reflected,p1_x,p1_y,p2_x,p2_y,p3_x,p3_y,p4_x,p4_y,p5_x,p5_y
Scoop,Scoop,reference,1,cup,n07930864,easy,0,images/n07930864/0075.JPEG,Scoop/references/01__cup__0075.JPEG,0.8073,0.009919,6.883008,0,0.084375,0.3020833333333333,0.7390625,0.26458333333333334,0.4234375,0.86875,0.8,0.32708333333333334,0.9484375,0.47291666666666665
Scoop,Scoop,reference,2,frying_pan,n03400231,easy,0,images/n03400231/0068.JPEG,Scoop/references/02__frying_pan__0068.JPEG,0.5392,0.003919,0.151503,0,0.128125,0.5833333333333334,0.5859375,0.5895833333333333,0.3515625,0.6354166666666666,0.6703125,0.5729166666666666,0.91875,0.5375
